diagnosis_f,percent_outcomes,number
1,31.15942028985507,78
2,22.946859903381643,129
3,21.497584541062803,95
0,18.84057971014493,89
4,5.555555555555555,23
