diagnosis_f,percent_outcomes,number
1,33.49875930521092,73
2,23.573200992555833,135
3,20.099255583126553,95
0,18.11414392059553,81
4,4.714640198511166,19
